﻿<?xml version="1.0" encoding="utf-8"?>
<!--DO NOT EDIT. This document is generated by PSoC Creator design builds.-->
<PSoCCreatorIdeExport Version="1">
  <Device Part="CY8C5888LTI-LP097" Processor="CortexM3" DeviceID="2E161069" />
  <Toolchains>
    <Toolchain Name="ARM GCC Generic" Selected="True">
      <Tool Name="prebuild" Command="" Options="" />
      <Tool Name="assembler" Command="arm-none-eabi-as.exe" Options="-mcpu=cortex-m3 -mthumb -I. -IGenerated_Source\PSoC5 -alh=${OutputDir}/${CompileFile}.lst -g" />
      <Tool Name="compiler" Command="arm-none-eabi-gcc.exe" Options="-mcpu=cortex-m3 -mthumb -I. -IGenerated_Source\PSoC5 -Wa,-alh=${OutputDir}/${CompileFile}.lst -g -Wall -ffunction-sections -ffat-lto-objects -O0" />
      <Tool Name="linker" Command="arm-none-eabi-gcc.exe" Options="-mcpu=cortex-m3 -mthumb -l m -L Generated_Source\PSoC5 -Wl,-Map,${OutputDir}/${ProjectShortName}.map -T Generated_Source\PSoC5\cm3gcc.ld -specs=nano.specs -Wl,--gc-sections -u_printf_float -g -ffunction-sections -O0 -ffat-lto-objects" />
      <Tool Name="postbuild" Command="" Options="" />
    </Toolchain>
    <Toolchain Name="ARM MDK Generic" Selected="False">
      <Tool Name="prebuild" Command="" Options="" />
      <Tool Name="assembler" Command="armasm.exe" Options="--cpu=Cortex-M3 --diag_style=gnu --thumb -i. -iGenerated_Source\PSoC5 -g --list=${OutputDir}/${CompileFile}.lst &quot;--predefine=__MICROLIB SETA 1&quot;" />
      <Tool Name="compiler" Command="armcc.exe" Options="--cpu=Cortex-M3 --C99 --diag_style=gnu -I. -IGenerated_Source\PSoC5 --list --signed_chars -g -D DEBUG -O0 --split_sections -D__MICROLIB" />
      <Tool Name="linker" Command="armlink.exe" Options="--cpu=Cortex-M3 --diag_style=gnu --no_startup --library_type=microlib --map --list ${OutputDir}/${ProjectShortName}.map --scatter Generated_Source\PSoC5\Cm3RealView.scat" />
      <Tool Name="postbuild" Command="" Options="" />
    </Toolchain>
    <Toolchain Name="ARM IAR Generic" Selected="False">
      <Tool Name="prebuild" Command="" Options="" />
      <Tool Name="assembler" Command="iasmarm.exe" Options="--cpu Cortex-M3 -I. -IGenerated_Source\PSoC5 -s+ -M&lt;&gt; -w+ -r -DDEBUG --fpu None" />
      <Tool Name="compiler" Command="iccarm.exe" Options="--cpu Cortex-M3 -I. -IGenerated_Source\PSoC5 -D DEBUG -D CY_CORE_ID=0 -I. -IGenerated_Source\PSoC5 -D DEBUG --no_cse --no_unroll --no_inline --no_code_motion --no_tbaa --no_clustering --no_scheduling --debug --endian=little -e --fpu=None -On --no_wrap_diagnostics" />
      <Tool Name="linker" Command="ilinkarm.exe" Options="--semihosting --entry __iar_program_start --config Generated_Source\PSoC5\Cm3Iar.icf" />
      <Tool Name="postbuild" Command="" Options="" />
    </Toolchain>
  </Toolchains>
  <Project Name="CE210514_PSOC3_5_Thermistor" Path="C:\Users\JeffSnyder\Downloads\CE210514\CE210514\CE210514\CE210514_PSOC3_5_Thermistor.cydsn" Version="5.70" Type="Normal">
    <CMSIS_SVD_File>CE210514_PSOC3_5_Thermistor.svd</CMSIS_SVD_File>
    <Datasheet />
    <LinkerFiles>
      <LinkerFile Toolchain="ARM GCC Generic">.\Generated_Source\PSoC5\cm3gcc.ld</LinkerFile>
      <LinkerFile Toolchain="ARM MDK Generic">.\Generated_Source\PSoC5\Cm3RealView.scat</LinkerFile>
      <LinkerFile Toolchain="ARM IAR Generic">.\Generated_Source\PSoC5\Cm3Iar.icf</LinkerFile>
    </LinkerFiles>
    <Folders>
      <Folder BuildType="STRICT" Path="C:\Users\JeffSnyder\Downloads\CE210514\CE210514\CE210514\CE210514_PSOC3_5_Thermistor.cydsn">
        <Files Root="C:\Users\JeffSnyder\Downloads\CE210514\CE210514\CE210514\CE210514_PSOC3_5_Thermistor.cydsn">
          <File BuildType="BUILD" Toolchain="">main.c</File>
          <File BuildType="BUILD" Toolchain="">measurement.c</File>
          <File BuildType="BUILD" Toolchain="">removeOffsetNoise.c</File>
          <File BuildType="BUILD" Toolchain="">device.h</File>
          <File BuildType="BUILD" Toolchain="">measurement.h</File>
          <File BuildType="BUILD" Toolchain="">removeOffsetNoise.h</File>
        </Files>
      </Folder>
      <Folder BuildType="STRICT" Path="C:\Users\JeffSnyder\Downloads\CE210514\CE210514\CE210514\CE210514_PSOC3_5_Thermistor.cydsn\Generated_Source\PSoC5">
        <Files Root="C:\Users\JeffSnyder\Downloads\CE210514\CE210514\CE210514\CE210514_PSOC3_5_Thermistor.cydsn">
          <File BuildType="BUILD" Toolchain="">Generated_Source\PSoC5\cyfitter_cfg.h</File>
          <File BuildType="BUILD" Toolchain="">Generated_Source\PSoC5\cyfitter_cfg.c</File>
          <File BuildType="BUILD" Toolchain="">Generated_Source\PSoC5\cymetadata.c</File>
          <File BuildType="BUILD" Toolchain="">Generated_Source\PSoC5\cydevice.h</File>
          <File BuildType="BUILD" Toolchain="">Generated_Source\PSoC5\cydevicegnu.inc</File>
          <File BuildType="BUILD" Toolchain="">Generated_Source\PSoC5\cydevicerv.inc</File>
          <File BuildType="BUILD" Toolchain="">Generated_Source\PSoC5\cydeviceiar.inc</File>
          <File BuildType="BUILD" Toolchain="">Generated_Source\PSoC5\cydevice_trm.h</File>
          <File BuildType="BUILD" Toolchain="">Generated_Source\PSoC5\cydevicegnu_trm.inc</File>
          <File BuildType="BUILD" Toolchain="">Generated_Source\PSoC5\cydevicerv_trm.inc</File>
          <File BuildType="BUILD" Toolchain="">Generated_Source\PSoC5\cydeviceiar_trm.inc</File>
          <File BuildType="BUILD" Toolchain="">Generated_Source\PSoC5\cyfittergnu.inc</File>
          <File BuildType="BUILD" Toolchain="">Generated_Source\PSoC5\cyfitterrv.inc</File>
          <File BuildType="BUILD" Toolchain="">Generated_Source\PSoC5\cyfitteriar.inc</File>
          <File BuildType="BUILD" Toolchain="">Generated_Source\PSoC5\cyfitter.h</File>
          <File BuildType="BUILD" Toolchain="">Generated_Source\PSoC5\cydisabledsheets.h</File>
          <File BuildType="BUILD" Toolchain="">Generated_Source\PSoC5\Thermistor.c</File>
          <File BuildType="BUILD" Toolchain="">Generated_Source\PSoC5\Thermistor.h</File>
          <File BuildType="BUILD" Toolchain="">Generated_Source\PSoC5\Opamp.c</File>
          <File BuildType="BUILD" Toolchain="">Generated_Source\PSoC5\Opamp.h</File>
          <File BuildType="BUILD" Toolchain="">Generated_Source\PSoC5\Opamp_PM.c</File>
          <File BuildType="BUILD" Toolchain="">Generated_Source\PSoC5\VDAC8.c</File>
          <File BuildType="BUILD" Toolchain="">Generated_Source\PSoC5\VDAC8.h</File>
          <File BuildType="BUILD" Toolchain="">Generated_Source\PSoC5\VDAC8_PM.c</File>
          <File BuildType="BUILD" Toolchain="">Generated_Source\PSoC5\AMux.c</File>
          <File BuildType="BUILD" Toolchain="">Generated_Source\PSoC5\AMux.h</File>
          <File BuildType="BUILD" Toolchain="">Generated_Source\PSoC5\ADC.c</File>
          <File BuildType="BUILD" Toolchain="">Generated_Source\PSoC5\ADC.h</File>
          <File BuildType="BUILD" Toolchain="">Generated_Source\PSoC5\ADC_PM.c</File>
          <File BuildType="BUILD" Toolchain="">Generated_Source\PSoC5\ADC_INT.c</File>
          <File BuildType="BUILD" Toolchain="">Generated_Source\PSoC5\I2C_Pins_aliases.h</File>
          <File BuildType="BUILD" Toolchain="">Generated_Source\PSoC5\I2C_Pins.c</File>
          <File BuildType="BUILD" Toolchain="">Generated_Source\PSoC5\I2C_Pins.h</File>
          <File BuildType="BUILD" Toolchain="">Generated_Source\PSoC5\EZI2C.c</File>
          <File BuildType="BUILD" Toolchain="">Generated_Source\PSoC5\EZI2C.h</File>
          <File BuildType="BUILD" Toolchain="">Generated_Source\PSoC5\EZI2C_PM.c</File>
          <File BuildType="BUILD" Toolchain="">Generated_Source\PSoC5\EZI2C_INT.c</File>
          <File BuildType="BUILD" Toolchain="">Generated_Source\PSoC5\EZI2C_PVT.h</File>
          <File BuildType="BUILD" Toolchain="">Generated_Source\PSoC5\CapSense.c</File>
          <File BuildType="BUILD" Toolchain="">Generated_Source\PSoC5\CapSense.h</File>
          <File BuildType="BUILD" Toolchain="">Generated_Source\PSoC5\CapSense_CSHL.c</File>
          <File BuildType="BUILD" Toolchain="">Generated_Source\PSoC5\CapSense_CSHL.h</File>
          <File BuildType="BUILD" Toolchain="">Generated_Source\PSoC5\CapSense_INT.c</File>
          <File BuildType="BUILD" Toolchain="">Generated_Source\PSoC5\CapSense_Pins.c</File>
          <File BuildType="BUILD" Toolchain="">Generated_Source\PSoC5\CapSense_Pins.h</File>
          <File BuildType="BUILD" Toolchain="">Generated_Source\PSoC5\CapSense_PM.c</File>
          <File BuildType="BUILD" Toolchain="">Generated_Source\PSoC5\CapSense_SMS_Wrapper.c</File>
          <File BuildType="BUILD" Toolchain="">Generated_Source\PSoC5\CapSense_TunerHelper.c</File>
          <File BuildType="BUILD" Toolchain="">Generated_Source\PSoC5\CapSense_TunerHelper.h</File>
          <File BuildType="BUILD" Toolchain="">Generated_Source\PSoC5\ADC_Ext_CP_Clk.c</File>
          <File BuildType="BUILD" Toolchain="">Generated_Source\PSoC5\ADC_Ext_CP_Clk.h</File>
          <File BuildType="BUILD" Toolchain="">Generated_Source\PSoC5\ADC_IRQ.c</File>
          <File BuildType="BUILD" Toolchain="">Generated_Source\PSoC5\ADC_IRQ.h</File>
          <File BuildType="BUILD" Toolchain="">Generated_Source\PSoC5\ADC_theACLK.c</File>
          <File BuildType="BUILD" Toolchain="">Generated_Source\PSoC5\ADC_theACLK.h</File>
          <File BuildType="BUILD" Toolchain="">Generated_Source\PSoC5\CapSense_CompCH0.c</File>
          <File BuildType="BUILD" Toolchain="">Generated_Source\PSoC5\CapSense_CompCH0.h</File>
          <File BuildType="BUILD" Toolchain="">Generated_Source\PSoC5\CapSense_CompCH0_PM.c</File>
          <File BuildType="BUILD" Toolchain="">Generated_Source\PSoC5\CapSense_IdacCH0.c</File>
          <File BuildType="BUILD" Toolchain="">Generated_Source\PSoC5\CapSense_IdacCH0.h</File>
          <File BuildType="BUILD" Toolchain="">Generated_Source\PSoC5\CapSense_IdacCH0_PM.c</File>
          <File BuildType="BUILD" Toolchain="">Generated_Source\PSoC5\CapSense_AMuxCH0.c</File>
          <File BuildType="BUILD" Toolchain="">Generated_Source\PSoC5\CapSense_AMuxCH0.h</File>
          <File BuildType="BUILD" Toolchain="">Generated_Source\PSoC5\CapSense_IntClock.c</File>
          <File BuildType="BUILD" Toolchain="">Generated_Source\PSoC5\CapSense_IntClock.h</File>
          <File BuildType="BUILD" Toolchain="">Generated_Source\PSoC5\cy_em_eeprom.c</File>
          <File BuildType="BUILD" Toolchain="">Generated_Source\PSoC5\cy_em_eeprom.h</File>
          <File BuildType="BUILD" Toolchain="ARM GCC Generic">Generated_Source\PSoC5\cm3gcc.ld</File>
          <File BuildType="BUILD" Toolchain="ARM MDK Generic">Generated_Source\PSoC5\Cm3RealView.scat</File>
          <File BuildType="BUILD" Toolchain="">Generated_Source\PSoC5\Cm3Start.c</File>
          <File BuildType="BUILD" Toolchain="">Generated_Source\PSoC5\core_cm3.h</File>
          <File BuildType="BUILD" Toolchain="">Generated_Source\PSoC5\core_cm3_psoc5.h</File>
          <File BuildType="BUILD" Toolchain="ARM GCC Generic">Generated_Source\PSoC5\CyBootAsmGnu.s</File>
          <File BuildType="BUILD" Toolchain="ARM MDK Generic">Generated_Source\PSoC5\CyBootAsmRv.s</File>
          <File BuildType="BUILD" Toolchain="">Generated_Source\PSoC5\CyDmac.c</File>
          <File BuildType="BUILD" Toolchain="">Generated_Source\PSoC5\CyDmac.h</File>
          <File BuildType="BUILD" Toolchain="">Generated_Source\PSoC5\CyFlash.c</File>
          <File BuildType="BUILD" Toolchain="">Generated_Source\PSoC5\CyFlash.h</File>
          <File BuildType="BUILD" Toolchain="">Generated_Source\PSoC5\CyLib.c</File>
          <File BuildType="BUILD" Toolchain="">Generated_Source\PSoC5\CyLib.h</File>
          <File BuildType="BUILD" Toolchain="">Generated_Source\PSoC5\cypins.h</File>
          <File BuildType="BUILD" Toolchain="">Generated_Source\PSoC5\cyPm.c</File>
          <File BuildType="BUILD" Toolchain="">Generated_Source\PSoC5\cyPm.h</File>
          <File BuildType="BUILD" Toolchain="">Generated_Source\PSoC5\CySpc.c</File>
          <File BuildType="BUILD" Toolchain="">Generated_Source\PSoC5\CySpc.h</File>
          <File BuildType="BUILD" Toolchain="">Generated_Source\PSoC5\cytypes.h</File>
          <File BuildType="BUILD" Toolchain="">Generated_Source\PSoC5\cyutils.c</File>
          <File BuildType="BUILD" Toolchain="">Generated_Source\PSoC5\core_cmFunc.h</File>
          <File BuildType="BUILD" Toolchain="">Generated_Source\PSoC5\core_cmInstr.h</File>
          <File BuildType="BUILD" Toolchain="ARM IAR Generic">Generated_Source\PSoC5\Cm3Iar.icf</File>
          <File BuildType="BUILD" Toolchain="ARM IAR Generic">Generated_Source\PSoC5\CyBootAsmIar.s</File>
          <File BuildType="BUILD" Toolchain="">Generated_Source\PSoC5\cmsis_armcc.h</File>
          <File BuildType="BUILD" Toolchain="">Generated_Source\PSoC5\cmsis_gcc.h</File>
          <File BuildType="BUILD" Toolchain="">Generated_Source\PSoC5\cmsis_compiler.h</File>
          <File BuildType="BUILD" Toolchain="">Generated_Source\PSoC5\project.h</File>
          <File BuildType="BUILD" Toolchain="">Generated_Source\PSoC5\cycodeshareimport.ld</File>
          <File BuildType="BUILD" Toolchain="">Generated_Source\PSoC5\cycodeshareexport.ld</File>
          <File BuildType="BUILD" Toolchain="">Generated_Source\PSoC5\cycodeshareimport.scat</File>
          <File BuildType="BUILD" Toolchain="">Generated_Source\PSoC5\Vhi1_aliases.h</File>
          <File BuildType="BUILD" Toolchain="">Generated_Source\PSoC5\Vhi1.c</File>
          <File BuildType="BUILD" Toolchain="">Generated_Source\PSoC5\Vhi1.h</File>
          <File BuildType="BUILD" Toolchain="">Generated_Source\PSoC5\Vtherm1_aliases.h</File>
          <File BuildType="BUILD" Toolchain="">Generated_Source\PSoC5\Vtherm1.c</File>
          <File BuildType="BUILD" Toolchain="">Generated_Source\PSoC5\Vtherm1.h</File>
          <File BuildType="BUILD" Toolchain="">Generated_Source\PSoC5\Vlow1_aliases.h</File>
          <File BuildType="BUILD" Toolchain="">Generated_Source\PSoC5\Vlow1.c</File>
          <File BuildType="BUILD" Toolchain="">Generated_Source\PSoC5\Vlow1.h</File>
          <File BuildType="BUILD" Toolchain="">Generated_Source\PSoC5\ADC_Bypass_P03_aliases.h</File>
          <File BuildType="BUILD" Toolchain="">Generated_Source\PSoC5\ADC_Bypass_P03.c</File>
          <File BuildType="BUILD" Toolchain="">Generated_Source\PSoC5\ADC_Bypass_P03.h</File>
          <File BuildType="BUILD" Toolchain="">Generated_Source\PSoC5\Vhi4_aliases.h</File>
          <File BuildType="BUILD" Toolchain="">Generated_Source\PSoC5\Vhi4.c</File>
          <File BuildType="BUILD" Toolchain="">Generated_Source\PSoC5\Vhi4.h</File>
          <File BuildType="BUILD" Toolchain="">Generated_Source\PSoC5\Vtherm4_aliases.h</File>
          <File BuildType="BUILD" Toolchain="">Generated_Source\PSoC5\Vtherm4.c</File>
          <File BuildType="BUILD" Toolchain="">Generated_Source\PSoC5\Vtherm4.h</File>
          <File BuildType="BUILD" Toolchain="">Generated_Source\PSoC5\Vlow4_aliases.h</File>
          <File BuildType="BUILD" Toolchain="">Generated_Source\PSoC5\Vlow4.c</File>
          <File BuildType="BUILD" Toolchain="">Generated_Source\PSoC5\Vlow4.h</File>
          <File BuildType="BUILD" Toolchain="">Generated_Source\PSoC5\Vtherm3_aliases.h</File>
          <File BuildType="BUILD" Toolchain="">Generated_Source\PSoC5\Vtherm3.c</File>
          <File BuildType="BUILD" Toolchain="">Generated_Source\PSoC5\Vtherm3.h</File>
          <File BuildType="BUILD" Toolchain="">Generated_Source\PSoC5\Vhi2_aliases.h</File>
          <File BuildType="BUILD" Toolchain="">Generated_Source\PSoC5\Vhi2.c</File>
          <File BuildType="BUILD" Toolchain="">Generated_Source\PSoC5\Vhi2.h</File>
          <File BuildType="BUILD" Toolchain="">Generated_Source\PSoC5\Vtherm2_aliases.h</File>
          <File BuildType="BUILD" Toolchain="">Generated_Source\PSoC5\Vtherm2.c</File>
          <File BuildType="BUILD" Toolchain="">Generated_Source\PSoC5\Vtherm2.h</File>
          <File BuildType="BUILD" Toolchain="">Generated_Source\PSoC5\Vhi3_aliases.h</File>
          <File BuildType="BUILD" Toolchain="">Generated_Source\PSoC5\Vhi3.c</File>
          <File BuildType="BUILD" Toolchain="">Generated_Source\PSoC5\Vhi3.h</File>
          <File BuildType="BUILD" Toolchain="">Generated_Source\PSoC5\Vlow3_aliases.h</File>
          <File BuildType="BUILD" Toolchain="">Generated_Source\PSoC5\Vlow3.c</File>
          <File BuildType="BUILD" Toolchain="">Generated_Source\PSoC5\Vlow3.h</File>
          <File BuildType="BUILD" Toolchain="">Generated_Source\PSoC5\V_low2_aliases.h</File>
          <File BuildType="BUILD" Toolchain="">Generated_Source\PSoC5\V_low2.c</File>
          <File BuildType="BUILD" Toolchain="">Generated_Source\PSoC5\V_low2.h</File>
          <File BuildType="BUILD" Toolchain="">Generated_Source\PSoC5\LED_aliases.h</File>
          <File BuildType="BUILD" Toolchain="">Generated_Source\PSoC5\LED.c</File>
          <File BuildType="BUILD" Toolchain="">Generated_Source\PSoC5\LED.h</File>
        </Files>
      </Folder>
      <Folder BuildType="STRICT" Path="C:\Users\JeffSnyder\Downloads\CE210514\CE210514\CE210514\CE210514_PSOC3_5_Thermistor.cydsn\Export\ARM_GCC_Generic\CapSense_CSD_v3_50">
        <Files Root="C:\Users\JeffSnyder\Downloads\CE210514\CE210514\CE210514\CE210514_PSOC3_5_Thermistor.cydsn">
          <File BuildType="BUILD" Toolchain="ARM GCC Generic">.\Export\ARM_GCC_Generic\CapSense_CSD_v3_50\CapSenseLibrary_GCC.a</File>
        </Files>
      </Folder>
      <Folder BuildType="STRICT" Path="C:\Users\JeffSnyder\Downloads\CE210514\CE210514\CE210514\CE210514_PSOC3_5_Thermistor.cydsn\Export\ARM_GCC_Generic">
        <Files Root="C:\Users\JeffSnyder\Downloads\CE210514\CE210514\CE210514\CE210514_PSOC3_5_Thermistor.cydsn">
          <File BuildType="BUILD" Toolchain="ARM GCC Generic">.\Export\ARM_GCC_Generic\CyComponentLibrary.a</File>
        </Files>
      </Folder>
      <Folder BuildType="STRICT" Path="C:\Users\JeffSnyder\Downloads\CE210514\CE210514\CE210514\CE210514_PSOC3_5_Thermistor.cydsn\Export\ARM_MDK_Generic\CapSense_CSD_v3_50">
        <Files Root="C:\Users\JeffSnyder\Downloads\CE210514\CE210514\CE210514\CE210514_PSOC3_5_Thermistor.cydsn">
          <File BuildType="BUILD" Toolchain="ARM MDK Generic">.\Export\ARM_MDK_Generic\CapSense_CSD_v3_50\CapSenseLibrary_MDK.a</File>
        </Files>
      </Folder>
      <Folder BuildType="STRICT" Path="C:\Users\JeffSnyder\Downloads\CE210514\CE210514\CE210514\CE210514_PSOC3_5_Thermistor.cydsn\Export\ARM_MDK_Generic">
        <Files Root="C:\Users\JeffSnyder\Downloads\CE210514\CE210514\CE210514\CE210514_PSOC3_5_Thermistor.cydsn">
          <File BuildType="BUILD" Toolchain="ARM MDK Generic">.\Export\ARM_MDK_Generic\CyComponentLibrary.a</File>
        </Files>
      </Folder>
      <Folder BuildType="STRICT" Path="C:\Users\JeffSnyder\Downloads\CE210514\CE210514\CE210514\CE210514_PSOC3_5_Thermistor.cydsn\Export\ARM_IAR_Generic\CapSense_CSD_v3_50">
        <Files Root="C:\Users\JeffSnyder\Downloads\CE210514\CE210514\CE210514\CE210514_PSOC3_5_Thermistor.cydsn">
          <File BuildType="BUILD" Toolchain="ARM IAR Generic">.\Export\ARM_IAR_Generic\CapSense_CSD_v3_50\CapSenseLibrary_IAR.a</File>
        </Files>
      </Folder>
      <Folder BuildType="STRICT" Path="C:\Users\JeffSnyder\Downloads\CE210514\CE210514\CE210514\CE210514_PSOC3_5_Thermistor.cydsn\Export\ARM_IAR_Generic">
        <Files Root="C:\Users\JeffSnyder\Downloads\CE210514\CE210514\CE210514\CE210514_PSOC3_5_Thermistor.cydsn">
          <File BuildType="BUILD" Toolchain="ARM IAR Generic">.\Export\ARM_IAR_Generic\CyComponentLibrary.a</File>
        </Files>
      </Folder>
      <Folder BuildType="EXCLUDE" Path=".\codegentemp">
        <Files Root="C:\Users\JeffSnyder\Downloads\CE210514\CE210514\CE210514\CE210514_PSOC3_5_Thermistor.cydsn" />
      </Folder>
      <Folder BuildType="EXCLUDE" Path=".\ARM_GCC_441">
        <Files Root="C:\Users\JeffSnyder\Downloads\CE210514\CE210514\CE210514\CE210514_PSOC3_5_Thermistor.cydsn" />
      </Folder>
      <Folder BuildType="EXCLUDE" Path=".\ARM_GCC_473">
        <Files Root="C:\Users\JeffSnyder\Downloads\CE210514\CE210514\CE210514\CE210514_PSOC3_5_Thermistor.cydsn" />
      </Folder>
      <Folder BuildType="EXCLUDE" Path=".\DP8051_Keil_952">
        <Files Root="C:\Users\JeffSnyder\Downloads\CE210514\CE210514\CE210514\CE210514_PSOC3_5_Thermistor.cydsn" />
      </Folder>
      <Folder BuildType="EXCLUDE" Path=".\DP8051">
        <Files Root="C:\Users\JeffSnyder\Downloads\CE210514\CE210514\CE210514\CE210514_PSOC3_5_Thermistor.cydsn" />
      </Folder>
      <Folder BuildType="EXCLUDE" Path=".\CortexM0">
        <Files Root="C:\Users\JeffSnyder\Downloads\CE210514\CE210514\CE210514\CE210514_PSOC3_5_Thermistor.cydsn" />
      </Folder>
      <Folder BuildType="EXCLUDE" Path=".\CortexM0p">
        <Files Root="C:\Users\JeffSnyder\Downloads\CE210514\CE210514\CE210514\CE210514_PSOC3_5_Thermistor.cydsn" />
      </Folder>
      <Folder BuildType="EXCLUDE" Path=".\CortexM3">
        <Files Root="C:\Users\JeffSnyder\Downloads\CE210514\CE210514\CE210514\CE210514_PSOC3_5_Thermistor.cydsn" />
      </Folder>
      <Folder BuildType="EXCLUDE" Path=".\CortexM4">
        <Files Root="C:\Users\JeffSnyder\Downloads\CE210514\CE210514\CE210514\CE210514_PSOC3_5_Thermistor.cydsn" />
      </Folder>
      <Folder BuildType="EXCLUDE" Path=".\CortexM7">
        <Files Root="C:\Users\JeffSnyder\Downloads\CE210514\CE210514\CE210514\CE210514_PSOC3_5_Thermistor.cydsn" />
      </Folder>
    </Folders>
  </Project>
</PSoCCreatorIdeExport>